Majchrzak K.,0
Martinez P.,1
Seppi A.,2
Couacaud E.,3
Marchenko I.,4
Gomez E.,5
Alcaraz C.,6
Ungur A.,7
Bolelli S.,8
Ram R.,9
Moutet C.,10
Tsonga J.W.,11
Becker B.,12
Samper-Montana J.,13
Bedene A.,14
Giraldo S.,15
Sela D.,16
Chung H.,17
Bourgue M.,18
Molleker R.,19
Hoang A.,20
Goffin D.,21
Gabashvili T.,22
Cressy M.,23
Auger-Aliassime F.,24
Mannarino A.,25
Ofner S.,26
Dimitrov G.,27
Kamke T.,28
Giustino L.,29
Trungelliti M.,30
Vilella Martinez M.,31
Garin C.,32
Benchetrit E.,33
Gojo B.,34
Pavlasek A.,35
Dzumhur D.,36
Kukushkin M.,37
Napolitano S.,38
Fabbiano T.,39
Lehecka J.,40
Paire B.,41
Laaksonen H.,42
Londero J.I.,43
Nadal R.,44
Pella G.,45
Medvedev D.,46
Baker B.,47
Hurkacz H.,48
Lopez F.,49
Sonego L.,50
Klahn B.,51
Baghdatis M.,52
Caruso S.,53
Milojevic N.,54
Kwon S.W.,55
Donaldson J.,56
Raonic M.,57
Muller A.,58
Mmoh M.,59
Halys Q.,60
Sugita Y.,61
Carreno Busta P.,62
Mahut N.,63
Tiafoe F.,64
Daniel T.,65
Kubler J.,66
Dodig I.,67
Agamenone F.,68
Bagnis F.,69
Marterer M.,70
Ruud C.,71
Harrison R.,72
Basic M.,73
Hanfmann Y.,74
Robert S.,75
Fognini F.,76
Jarry N.,77
Mayot H.,78
Young D.,79
Rola B.,80
Lu Y.,81
Van De Zandschulp B.,82
De Greef A.,83
Sock J.,84
Opelka R.,85
Haider-Maurer A.,86
Kolar Z.,87
Bautista Agut R.,88
Humbert U.,89
Evans D.,90
Coric B.,91
Zopp J.,92
Ivashka I.,93
Rodionov J.,94
Vatutin A.,95
Duckworth J.,96
Youzhny M.,97
Verdasco F.,98
Zverev M.,99
Janowicz J.,100
Gasquet R.,101
Korda S.,102
Garcia-Lopez G.,103
Wawrinka S.,104
Karatsev A.,105
Chardy J.,106
Hemery C.,107
Robredo T.,108
Khachanov K.,109
Taberner C.,110
Escobedo E.,111
Cachin P.,112
Nishikori K.,113
Munar J.,114
Mathieu P.H.,115
Copil M.,116
De Minaur A.,117
Zverev A.,118
Mayer L.,119
Stebe C.M.,120
Krajinovic F.,121
Cuevas P.,122
Fritz T.,123
Zeppieri G.,124
Zapata Miralles B.,125
Granollers M.,126
Darcis S.,127
Musetti L.,128
Gulbis E.,129
Mcdonald M.,130
Istomin D.,131
Novak D.,132
Uchiyama Y.,133
Delbonis F.,134
Cazaux A.,135
Zeballos H.,136
Groth S.,137
Monaco J.,138
Janvier M.,139
Jung J.,140
Kotov P.,141
Sinner J.,142
Kravchuk K.,143
Thiem D.,144
Olivo R.,145
Ymer E.,146
Barrere G.,147
Koepfer D.,148
Safiullin R.,149
Millman J.,150
Kecmanovic M.,151
Safwat M.,152
Paul T.,153
Rodriguez Taverna S.,154
Machac T.,155
Giron M.,156
Brown D.,157
Polmans M.,158
Melzer G.,159
Vesely J.,160
Benneteau J.,161
Gunneswaran P.,162
Cervantes I.,163
Djokovic N.,164
Popyrin A.,165
Stepanek R.,166
Blancaneaux G.,167
Basilashvili N.,168
Stakhovsky S.,169
Tipsarevic J.,170
Federer R.,171
Ymer M.,172
Hamou M.,173
Fucsovics M.,174
Nishioka Y.,175
Travaglia S.,176
Rosol L.,177
Montanes A.,178
Bellucci T.,179
Coppejans K.,180
Karlovic I.,181
Cerundolo F.,182
Almagro N.,183
Isner J.,184
Maden Y.,185
Djere L.,186
Berlocq C.,187
Munoz De La Nava D.,188
De Bakker T.,189
Bhambri Y.,190
Fratangelo B.,191
Broady L.,192
Mayer F.,193
Berdych T.,194
Shapovalov D.,195
Kyrgios N.,196
Bublik A.,197
Gaston H.,198
Murray A.,199
Sijsling I.,200
Norrie C.,201
Brooksby J.,202
Molcan A.,203
Etcheverry T.,204
Troicki V.,205
Carballes Baena R.,206
O Connell C.,207
Ruusuvuori E.,208
Andujar P.,209
Johnson S.,210
Martin A.,211
Estrella Burgos V.,212
Davidovich Fokina A.,213
Balazs A.,214
Mager G.,215
Jaziri M.,216
Gojowczyk P.,217
Borges N.,218
Guinard M.,219
Ramos-Vinolas A.,220
Dellien H.,221
Lu Y.H.,222
Bonzi B.,223
Ebden M.,224
Querrey S.,225
Tomic B.,226
Edmund K.,227
Struff J.L.,228
Kohlschreiber P.,229
Donskoy E.,230
Anderson K.,231
Kokkinakis T.,232
Vukic A.,233
Cilic M.,234
Lokoli L.,235
Griekspoor T.,236
Diez S.,237
Dolgopolov O.,238
Nakashima B.,239
Andreozzi G.,240
Del Potro J.M.,241
Pouille L.,242
Muller G.,243
Herbert P.H.,244
Rubin N.,245
Ferrer D.,246
Schwartzman D.,247
Tsitsipas S.,248
Ugo Carabelli C.,249
Lorenzi P.,250
Monfils G.,251
Otte O.,252
Berankis R.,253
Monteiro T.,254
Elias G.,255
Giannessi A.,256
Albot R.,257
Galan D.E.,258
Del Potro J. M.,259
Klizan M.,260
Gerasimov E.,261
Tursunov D.,262
Kovalik J.,263
Harris L.,264
Pospisil V.,265
Simon G.,266
Galan D.,267
Coria F.,268
Rinderknech A.,269
Sousa J.,270
Berrettini M.,271
Altmaier D.,272
Rune H.,273
Ilhan M.,274
Kuznetsov An.,275
Lajovic D.,276
Cecchinato M.,277
Polansky P.,278
Sandgren T.,279
De Schepper K.,280
Kudla D.,281
Tseng C. H.,282
Baez S.,283
Varillas J. P.,284
Bemelmans R.,285
Thompson J.,286
Haase R.,287
Rublev A.,288
Kicker N.,289
Gombos N.,290
Dutra Silva R.,291
