Mathieu P.H.,0
Barrere G.,1
Goffin D.,2
Mahut N.,3
Jung J.,4
Krajinovic F.,5
Maden Y.,6
Halys Q.,7
Herbert P.H.,8
Youzhny M.,9
Haider-Maurer A.,10
Kyrgios N.,11
Coric B.,12
Kuznetsov An.,13
Sandgren T.,14
Groth S.,15
Cuevas P.,16
Rubin N.,17
Norrie C.,18
Sonego L.,19
Kotov P.,20
Sousa J.,21
Nishioka Y.,22
Duckworth J.,23
Schwartzman D.,24
Fucsovics M.,25
Cilic M.,26
Donskoy E.,27
Garcia-Lopez G.,28
Hoang A.,29
Cecchinato M.,30
Dutra Silva R.,31
Coppejans K.,32
Garin C.,33
Bautista Agut R.,34
Kovalik J.,35
Gerasimov E.,36
Evans D.,37
Ram R.,38
Bemelmans R.,39
Gulbis E.,40
Carreno Busta P.,41
Molleker R.,42
Rinderknech A.,43
O Connell C.,44
Klahn B.,45
Brooksby J.,46
De Bakker T.,47
Laaksonen H.,48
Berdych T.,49
Uchiyama Y.,50
Ungur A.,51
Van De Zandschulp B.,52
Edmund K.,53
Majchrzak K.,54
Gabashvili T.,55
Napolitano S.,56
Korda S.,57
Molcan A.,58
Sock J.,59
Montanes A.,60
Stepanek R.,61
Lorenzi P.,62
Zopp J.,63
Ramos-Vinolas A.,64
Seppi A.,65
Otte O.,66
Hemery C.,67
Bagnis F.,68
Djokovic N.,69
Gasquet R.,70
Kudla D.,71
Vatutin A.,72
Istomin D.,73
Gaston H.,74
Struff J.L.,75
Troicki V.,76
Galan D.,77
Rosol L.,78
De Greef A.,79
Bourgue M.,80
Albot R.,81
Ferrer D.,82
Hurkacz H.,83
Tomic B.,84
Trungelliti M.,85
Couacaud E.,86
Baez S.,87
Johnson S.,88
Mmoh M.,89
Fritz T.,90
Paul T.,91
Sela D.,92
Sinner J.,93
Khachanov K.,94
Delbonis F.,95
Anderson K.,96
De Schepper K.,97
Basilashvili N.,98
Dzumhur D.,99
Rune H.,100
Gomez E.,101
Londero J.I.,102
Fabbiano T.,103
Kohlschreiber P.,104
Pavlasek A.,105
Muller A.,106
Pospisil V.,107
Rola B.,108
Kokkinakis T.,109
Raonic M.,110
Bedene A.,111
Mayer F.,112
Bolelli S.,113
Zverev M.,114
Simon G.,115
Opelka R.,116
Coria F.,117
Andujar P.,118
Del Potro J. M.,119
Ruud C.,120
Gojo B.,121
Griekspoor T.,122
Mcdonald M.,123
Ymer E.,124
Munoz De La Nava D.,125
Karatsev A.,126
Gombos N.,127
Hamou M.,128
Querrey S.,129
Del Potro J.M.,130
Munar J.,131
Rodionov J.,132
Djere L.,133
Ilhan M.,134
Humbert U.,135
Tsitsipas S.,136
Tipsarevic J.,137
Carballes Baena R.,138
Lu Y.H.,139
Basic M.,140
Broady L.,141
Baghdatis M.,142
Thiem D.,143
Fratangelo B.,144
Monaco J.,145
Ugo Carabelli C.,146
Zverev A.,147
Estrella Burgos V.,148
Olivo R.,149
Berrettini M.,150
Rublev A.,151
Lopez F.,152
Koepfer D.,153
Muller G.,154
Young D.,155
Alcaraz C.,156
Taberner C.,157
Bhambri Y.,158
Giron M.,159
Nakashima B.,160
Dodig I.,161
Gojowczyk P.,162
Blancaneaux G.,163
Sijsling I.,164
Donaldson J.,165
Davidovich Fokina A.,166
Ruusuvuori E.,167
Borges N.,168
Kravchuk K.,169
Cachin P.,170
Marchenko I.,171
Tursunov D.,172
Lokoli L.,173
Pouille L.,174
Chung H.,175
Haase R.,176
Balazs A.,177
Kubler J.,178
Tiafoe F.,179
Jaziri M.,180
Kukushkin M.,181
Verdasco F.,182
Monteiro T.,183
Cervantes I.,184
Pella G.,185
Novak D.,186
Tseng C. H.,187
Robert S.,188
Mannarino A.,189
Bellucci T.,190
Galan D.E.,191
Moutet C.,192
Murray A.,193
Safiullin R.,194
Dimitrov G.,195
Marterer M.,196
Diez S.,197
Safwat M.,198
Granollers M.,199
Martin A.,200
Caruso S.,201
Guinard M.,202
Medvedev D.,203
Cazaux A.,204
Giustino L.,205
Wawrinka S.,206
Karlovic I.,207
Harris L.,208
Monfils G.,209
Rodriguez Taverna S.,210
Polmans M.,211
Melzer G.,212
Cerundolo F.,213
Bonzi B.,214
Varillas J. P.,215
Berlocq C.,216
Klizan M.,217
Machac T.,218
Benchetrit E.,219
Shapovalov D.,220
De Minaur A.,221
Samper-Montana J.,222
Kolar Z.,223
Copil M.,224
Thompson J.,225
Auger-Aliassime F.,226
Darcis S.,227
Ebden M.,228
Baker B.,229
Vukic A.,230
Jarry N.,231
Paire B.,232
Stakhovsky S.,233
Kamke T.,234
Popyrin A.,235
Becker B.,236
Hanfmann Y.,237
Kecmanovic M.,238
Gunneswaran P.,239
Ofner S.,240
Polansky P.,241
Daniel T.,242
Janvier M.,243
Lu Y.,244
Altmaier D.,245
Ivashka I.,246
Vesely J.,247
Robredo T.,248
Andreozzi G.,249
Agamenone F.,250
Zeppieri G.,251
Berankis R.,252
Tsonga J.W.,253
Zapata Miralles B.,254
Janowicz J.,255
Isner J.,256
Kicker N.,257
Milojevic N.,258
Zeballos H.,259
Lajovic D.,260
Federer R.,261
Harrison R.,262
Elias G.,263
Millman J.,264
Giraldo S.,265
Musetti L.,266
Ymer M.,267
Vilella Martinez M.,268
Nishikori K.,269
Dellien H.,270
Giannessi A.,271
Etcheverry T.,272
Brown D.,273
Kwon S.W.,274
Mager G.,275
Mayot H.,276
Escobedo E.,277
Lehecka J.,278
Stebe C.M.,279
Mayer L.,280
Benneteau J.,281
Travaglia S.,282
Chardy J.,283
Dolgopolov O.,284
Sugita Y.,285
Bublik A.,286
Almagro N.,287
Fognini F.,288
Cressy M.,289
Nadal R.,290
Martinez P.,291
